{"stats":{"minecraft:used":{"minecraft:water_bucket":1,"minecraft:stone_pickaxe":2,"minecraft:baked_potato":16,"minecraft:wooden_pickaxe":4,"minecraft:shield":8,"minecraft:iron_sword":45,"minecraft:oak_door":3,"minecraft:torch":56,"minecraft:dirt":1,"minecraft:crafting_table":2,"minecraft:nether_bricks":1,"minecraft:nether_brick_stairs":1,"minecraft:diamond_pickaxe":52,"minecraft:iron_pickaxe":79,"minecraft:iron_helmet":1,"minecraft:cobblestone":73,"minecraft:andesite":6,"minecraft:bucket":2,"minecraft:yellow_bed":2,"minecraft:cobbled_deepslate":31},"minecraft:custom":{"minecraft:interact_with_furnace":8,"minecraft:mob_kills":13,"minecraft:interact_with_crafting_table":6,"minecraft:leave_game":1,"minecraft:time_since_death":7666,"minecraft:sleep_in_bed":2,"minecraft:time_since_rest":7698,"minecraft:sprint_one_cm":78984,"minecraft:damage_taken":996,"minecraft:walk_one_cm":186461,"minecraft:damage_blocked_by_shield":510,"minecraft:drop":11,"minecraft:damage_dealt":2446,"minecraft:swim_one_cm":43705,"minecraft:fly_one_cm":133201,"minecraft:open_chest":54,"minecraft:crouch_one_cm":7845,"minecraft:play_time":47216,"minecraft:deaths":1,"minecraft:sneak_time":2385,"minecraft:walk_under_water_one_cm":18749,"minecraft:jump":1041,"minecraft:walk_on_water_one_cm":6440,"minecraft:total_world_time":47216,"minecraft:fall_one_cm":26425},"minecraft:killed":{"minecraft:skeleton":2,"minecraft:zombie":8,"minecraft:wither_skeleton":1,"minecraft:blaze":1},"minecraft:dropped":{"minecraft:baked_potato":1,"minecraft:rotten_flesh":9,"minecraft:iron_shovel":1},"minecraft:mined":{"minecraft:diamond_ore":2,"minecraft:deepslate_diamond_ore":1,"minecraft:oak_door":1,"minecraft:torch":1,"minecraft:nether_bricks":5,"minecraft:granite":1,"minecraft:grass_block":1,"minecraft:cobblestone":7,"minecraft:wall_torch":1,"minecraft:iron_ore":6,"minecraft:andesite":6,"minecraft:yellow_bed":2,"minecraft:nether_brick_stairs":1,"minecraft:coal_ore":1,"minecraft:pointed_dripstone":1,"minecraft:oak_log":8,"minecraft:dirt":12,"minecraft:stone":69,"minecraft:oak_leaves":2,"minecraft:deepslate":31},"minecraft:crafted":{"minecraft:oak_door":3,"minecraft:oak_planks":32,"minecraft:crafting_table":2,"minecraft:wooden_pickaxe":1,"minecraft:baked_potato":30,"minecraft:iron_helmet":1,"minecraft:iron_sword":1,"minecraft:iron_chestplate":1,"minecraft:iron_boots":1,"minecraft:shield":1,"minecraft:stick":12,"minecraft:iron_pickaxe":1,"minecraft:stone_pickaxe":1,"minecraft:iron_shovel":1,"minecraft:iron_leggings":1,"minecraft:torch":64},"minecraft:picked_up":{"minecraft:iron_chestplate":1,"minecraft:nether_brick_fence":2,"minecraft:water_bucket":1,"minecraft:andesite":6,"minecraft:oak_log":8,"minecraft:shield":1,"minecraft:yellow_bed":2,"minecraft:dirt":13,"minecraft:iron_leggings":1,"minecraft:bone":4,"minecraft:bow":2,"minecraft:cobbled_deepslate":31,"minecraft:iron_pickaxe":1,"minecraft:iron_sword":1,"minecraft:oak_planks":22,"minecraft:iron_boots":1,"minecraft:raw_iron":8,"minecraft:oak_door":1,"minecraft:torch":27,"minecraft:nether_brick_stairs":1,"minecraft:pointed_dripstone":2,"minecraft:arrow":1,"minecraft:rotten_flesh":9,"minecraft:diamond":4,"minecraft:nether_bricks":5,"minecraft:iron_helmet":1,"minecraft:granite":1,"minecraft:baked_potato":17,"minecraft:coal":2,"minecraft:cobblestone":82,"minecraft:diamond_pickaxe":2}},"DataVersion":3465}