{"stats":{"minecraft:picked_up":{"minecraft:dirt":1},"minecraft:custom":{"minecraft:jump":14,"minecraft:time_since_rest":1381,"minecraft:play_time":1381,"minecraft:leave_game":3,"minecraft:sprint_one_cm":1302,"minecraft:time_since_death":1381,"minecraft:walk_one_cm":207,"minecraft:total_world_time":1381,"minecraft:fall_one_cm":627,"minecraft:fly_one_cm":3808},"minecraft:used":{"minecraft:dirt":1},"minecraft:mined":{"minecraft:grass":2,"minecraft:tall_grass":1,"minecraft:grass_block":1}},"DataVersion":3465}