{"stats":{"minecraft:killed":{"minecraft:sheep":1},"minecraft:dropped":{"minecraft:wheat_seeds":3},"minecraft:mined":{"minecraft:grass":25},"minecraft:used":{"minecraft:mutton":1},"minecraft:custom":{"minecraft:jump":105,"minecraft:time_since_rest":2975,"minecraft:damage_dealt":80,"minecraft:leave_game":2,"minecraft:sprint_one_cm":11523,"minecraft:play_time":2975,"minecraft:damage_taken":110,"minecraft:time_since_death":2975,"minecraft:walk_one_cm":4956,"minecraft:sneak_time":4,"minecraft:total_world_time":2975,"minecraft:mob_kills":1,"minecraft:drop":3,"minecraft:fall_one_cm":3583,"minecraft:fly_one_cm":14910},"minecraft:picked_up":{"minecraft:mutton":1,"minecraft:wheat_seeds":3}},"DataVersion":3465}