{"stats":{"minecraft:killed":{"minecraft:zombified_piglin":1,"minecraft:witch":2,"minecraft:spider":9,"minecraft:skeleton":31,"minecraft:chicken":6,"minecraft:pig":9,"minecraft:zombie_villager":2,"minecraft:creeper":6,"minecraft:sheep":5,"minecraft:zombie":61,"minecraft:cow":10,"minecraft:drowned":6,"minecraft:squid":3,"minecraft:wither_skeleton":4,"minecraft:enderman":2},"minecraft:dropped":{"minecraft:rail":1,"minecraft:dirt":40,"minecraft:furnace_minecart":1,"minecraft:iron_pickaxe":1,"minecraft:bone":2,"minecraft:gravel":2,"minecraft:stone_axe":2,"minecraft:oak_planks":26,"minecraft:poppy":1,"minecraft:leather_chestplate":1,"minecraft:leather_leggings":1,"minecraft:glass":2,"minecraft:iron_ingot":1,"minecraft:enchanted_book":1,"minecraft:bread":293,"minecraft:wheat_seeds":14,"minecraft:iron_helmet":1,"minecraft:cobblestone":1,"minecraft:apple":2,"minecraft:golden_apple":1,"minecraft:oxeye_daisy":1,"minecraft:torch":1,"minecraft:wooden_axe":4,"minecraft:iron_axe":11,"minecraft:iron_shovel":2,"minecraft:dandelion":1,"minecraft:composter":4,"minecraft:diamond_pickaxe":2,"minecraft:oak_sapling":1,"minecraft:stone_pickaxe":2,"minecraft:wooden_pickaxe":4},"minecraft:mined":{"minecraft:white_bed":22,"minecraft:farmland":52,"minecraft:cobblestone_stairs":8,"minecraft:granite":22,"minecraft:grass_block":941,"minecraft:hopper":2,"minecraft:composter":14,"minecraft:oak_wall_sign":3,"minecraft:oxeye_daisy":1,"minecraft:mossy_cobblestone_slab":1,"minecraft:cobbled_deepslate":3,"minecraft:barrel":23,"minecraft:iron_ore":97,"minecraft:fire":1,"minecraft:anvil":1,"minecraft:deepslate_lapis_ore":8,"minecraft:dirt_path":264,"minecraft:oak_sign":1,"minecraft:oak_stairs":226,"minecraft:tripwire":12,"minecraft:deepslate_redstone_ore":4,"minecraft:torch":5,"minecraft:chest":5,"minecraft:glass":23,"minecraft:cobblestone":295,"minecraft:oak_planks":273,"minecraft:sugar_cane":42,"minecraft:wall_torch":9,"minecraft:white_terracotta":31,"minecraft:seagrass":1,"minecraft:powered_rail":5,"minecraft:wheat":17,"minecraft:grass":180,"minecraft:oak_log":201,"minecraft:oak_fence_gate":2,"minecraft:sand":237,"minecraft:dirt":1172,"minecraft:tripwire_hook":3,"minecraft:oak_leaves":2,"minecraft:deepslate":71,"minecraft:tuff":10,"minecraft:mossy_cobblestone":41,"minecraft:deepslate_diamond_ore":3,"minecraft:lever":5,"minecraft:nether_bricks":11,"minecraft:redstone_wire":5,"minecraft:redstone_ore":6,"minecraft:oak_trapdoor":18,"minecraft:furnace":9,"minecraft:carrots":6,"minecraft:andesite":5,"minecraft:bell":1,"minecraft:bookshelf":2,"minecraft:potatoes":3,"minecraft:cobblestone_slab":52,"minecraft:deepslate_iron_ore":122,"minecraft:rail":250,"minecraft:stripped_oak_log":32,"minecraft:stone":284,"minecraft:smithing_table":1,"minecraft:oak_slab":4,"minecraft:glass_pane":17,"minecraft:dandelion":6,"minecraft:oak_fence":47,"minecraft:crafting_table":13,"minecraft:lectern":17,"minecraft:copper_ore":7,"minecraft:tall_grass":21,"minecraft:deepslate_gold_ore":57,"minecraft:lapis_ore":10,"minecraft:diorite":24,"minecraft:white_carpet":4,"minecraft:yellow_bed":5,"minecraft:coal_ore":156,"minecraft:gravel":23,"minecraft:gold_ore":1},"minecraft:killed_by":{"minecraft:creeper":2,"minecraft:drowned":1,"minecraft:zombie":1,"minecraft:warden":1,"minecraft:skeleton":2},"minecraft:used":{"minecraft:iron_shovel":2028,"minecraft:oak_sign":17,"minecraft:chest":25,"minecraft:shield":157,"minecraft:iron_sword":101,"minecraft:bell":1,"minecraft:rotten_flesh":63,"minecraft:nether_bricks":2,"minecraft:tuff":10,"minecraft:glass":135,"minecraft:lava_bucket":13,"minecraft:grass_block":1,"minecraft:iron_helmet":1,"minecraft:mossy_cobblestone_slab":31,"minecraft:bow":3,"minecraft:furnace":14,"minecraft:egg":1,"minecraft:diorite":21,"minecraft:powered_rail":19,"minecraft:stone_pickaxe":506,"minecraft:oak_planks":59,"minecraft:wooden_pickaxe":21,"minecraft:composter":14,"minecraft:sugar_cane":20,"minecraft:sand":5,"minecraft:blast_furnace":1,"minecraft:shears":13,"minecraft:lever":21,"minecraft:bread":56,"minecraft:string":28,"minecraft:lectern":17,"minecraft:gravel":32,"minecraft:grindstone":1,"minecraft:smithing_table":2,"minecraft:andesite":4,"minecraft:oak_boat":20,"minecraft:oak_trapdoor":20,"minecraft:oak_fence":15,"minecraft:flint_and_steel":1,"minecraft:stone_shovel":408,"minecraft:redstone":6,"minecraft:cooked_chicken":5,"minecraft:oak_door":3,"minecraft:torch":64,"minecraft:brewing_stand":1,"minecraft:dirt":1940,"minecraft:anvil":2,"minecraft:white_carpet":8,"minecraft:hopper":9,"minecraft:granite":18,"minecraft:oak_fence_gate":1,"minecraft:wooden_axe":50,"minecraft:iron_axe":875,"minecraft:oak_stairs":1,"minecraft:iron_boots":1,"minecraft:barrel":24,"minecraft:tripwire_hook":14,"minecraft:minecart":18,"minecraft:cooked_beef":14,"minecraft:cobbled_deepslate":85,"minecraft:iron_leggings":28,"minecraft:cooked_mutton":14,"minecraft:water_bucket":263,"minecraft:cobblestone_stairs":2,"minecraft:glass_bottle":6,"minecraft:baked_potato":23,"minecraft:cobblestone_slab":219,"minecraft:mossy_cobblestone":10,"minecraft:rail":348,"minecraft:oak_slab":3,"minecraft:crafting_table":17,"minecraft:white_bed":30,"minecraft:oak_log":2,"minecraft:diamond_pickaxe":399,"minecraft:diamond_shovel":20,"minecraft:iron_pickaxe":741,"minecraft:stone_axe":270,"minecraft:cobblestone":255,"minecraft:cooked_porkchop":21,"minecraft:bucket":277,"minecraft:yellow_bed":4},"minecraft:custom":{"minecraft:interact_with_crafting_table":163,"minecraft:open_barrel":3,"minecraft:bell_ring":39,"minecraft:leave_game":8,"minecraft:time_since_death":74425,"minecraft:sprint_one_cm":1640501,"minecraft:damage_blocked_by_shield":9607,"minecraft:drop":73,"minecraft:talked_to_villager":142,"minecraft:play_time":571409,"minecraft:deaths":12,"minecraft:jump":10674,"minecraft:interact_with_brewingstand":1,"minecraft:walk_on_water_one_cm":196712,"minecraft:interact_with_furnace":170,"minecraft:traded_with_villager":285,"minecraft:sleep_in_bed":23,"minecraft:damage_dealt":28205,"minecraft:crouch_one_cm":105371,"minecraft:mob_kills":164,"minecraft:interact_with_anvil":4,"minecraft:inspect_hopper":6,"minecraft:walk_one_cm":1093009,"minecraft:sneak_time":34048,"minecraft:walk_under_water_one_cm":76718,"minecraft:boat_one_cm":23054,"minecraft:interact_with_blast_furnace":1,"minecraft:total_world_time":571409,"minecraft:time_since_rest":23646,"minecraft:damage_taken":9455,"minecraft:swim_one_cm":117535,"minecraft:fly_one_cm":1908626,"minecraft:open_chest":957,"minecraft:fall_one_cm":253853},"minecraft:broken":{"minecraft:iron_shovel":7,"minecraft:stone_pickaxe":2,"minecraft:stone_axe":2,"minecraft:wooden_axe":1,"minecraft:stone_shovel":3,"minecraft:shield":2,"minecraft:iron_axe":2,"minecraft:iron_pickaxe":3},"minecraft:crafted":{"minecraft:grindstone":1,"minecraft:smooth_stone":5,"minecraft:oak_planks":496,"minecraft:cobblestone_slab":192,"minecraft:oak_sign":12,"minecraft:barrel":2,"minecraft:blaze_powder":2,"minecraft:cooked_chicken":5,"minecraft:stone":8,"minecraft:lever":13,"minecraft:bookshelf":1,"minecraft:cooked_mutton":14,"minecraft:iron_bars":16,"minecraft:hopper":9,"minecraft:glass":232,"minecraft:iron_boots":2,"minecraft:mossy_cobblestone_slab":30,"minecraft:chest":30,"minecraft:rail":112,"minecraft:oak_fence":3,"minecraft:glass_bottle":36,"minecraft:oak_slab":12,"minecraft:emerald":202,"minecraft:cooked_porkchop":21,"minecraft:crafting_table":5,"minecraft:wooden_pickaxe":2,"minecraft:baked_potato":9,"minecraft:iron_helmet":2,"minecraft:smithing_table":1,"minecraft:brewing_stand":1,"minecraft:iron_chestplate":2,"minecraft:diamond_pickaxe":1,"minecraft:shield":4,"minecraft:stick":324,"minecraft:stone_slab":6,"minecraft:iron_ingot":319,"minecraft:iron_pickaxe":4,"minecraft:iron_block":3,"minecraft:gold_ingot":81,"minecraft:shears":1,"minecraft:oak_door":3,"minecraft:stone_shovel":3,"minecraft:tripwire_hook":4,"minecraft:furnace":6,"minecraft:blast_furnace":1,"minecraft:oak_trapdoor":6,"minecraft:flint_and_steel":1,"minecraft:iron_axe":18,"minecraft:stone_pickaxe":7,"minecraft:minecart":7,"minecraft:cooked_beef":18,"minecraft:sugar":14,"minecraft:powered_rail":18,"minecraft:iron_sword":1,"minecraft:bucket":2,"minecraft:stone_axe":5,"minecraft:enchanted_book":1,"minecraft:bread":392,"minecraft:air":0,"minecraft:oak_boat":5,"minecraft:white_wool":68,"minecraft:wooden_axe":3,"minecraft:iron_shovel":7,"minecraft:iron_leggings":6,"minecraft:anvil":1,"minecraft:white_bed":12,"minecraft:torch":16},"minecraft:picked_up":{"minecraft:wooden_axe":3,"minecraft:iron_chestplate":3,"minecraft:wheat":42,"minecraft:nether_brick_fence":1,"minecraft:anvil":1,"minecraft:smithing_table":1,"minecraft:oak_stairs":202,"minecraft:string":604,"minecraft:raw_copper":51,"minecraft:iron_leggings":3,"minecraft:oak_sign":5,"minecraft:beetroot":4,"minecraft:cobbled_deepslate":107,"minecraft:bucket":1,"minecraft:cobblestone_slab":58,"minecraft:iron_pickaxe":1,"minecraft:furnace":9,"minecraft:iron_boots":3,"minecraft:stick":4,"minecraft:composter":19,"minecraft:oak_fence":47,"minecraft:torch":61,"minecraft:porkchop":16,"minecraft:diorite":24,"minecraft:stone_sword":1,"minecraft:rotten_flesh":89,"minecraft:bookshelf":1,"minecraft:white_terracotta":30,"minecraft:cobblestone":610,"minecraft:furnace_minecart":1,"minecraft:leather_chestplate":1,"minecraft:mossy_cobblestone_slab":1,"minecraft:feather":10,"minecraft:cooked_beef":4,"minecraft:water_bucket":3,"minecraft:andesite":5,"minecraft:brown_wool":1,"minecraft:potato":17,"minecraft:flint":1,"minecraft:tuff":15,"minecraft:dirt":2477,"minecraft:lapis_lazuli":234,"minecraft:glass":5,"minecraft:bone":49,"minecraft:bow":5,"minecraft:wheat_seeds":88,"minecraft:raw_gold":81,"minecraft:bell":2,"minecraft:powered_rail":9,"minecraft:oak_planks":325,"minecraft:sand":237,"minecraft:ink_sac":13,"minecraft:grass_block":1,"minecraft:barrel":23,"minecraft:mossy_cobblestone":50,"minecraft:sugar":2,"minecraft:diamond":3,"minecraft:lever":12,"minecraft:granite":23,"minecraft:bread":147,"minecraft:emerald":23,"minecraft:oak_sapling":1,"minecraft:diamond_pickaxe":1,"minecraft:crafting_table":16,"minecraft:azure_bluet":4,"minecraft:chicken":7,"minecraft:leather_leggings":1,"minecraft:wooden_pickaxe":2,"minecraft:shield":2,"minecraft:cornflower":3,"minecraft:oak_trapdoor":23,"minecraft:iron_axe":2,"minecraft:white_carpet":10,"minecraft:iron_shovel":3,"minecraft:beef":30,"minecraft:oak_boat":17,"minecraft:poppy":7,"minecraft:minecart":11,"minecraft:lectern":17,"minecraft:sugar_cane":81,"minecraft:chest":5,"minecraft:egg":1,"minecraft:raw_iron":360,"minecraft:oak_door":8,"minecraft:carrot":58,"minecraft:redstone":73,"minecraft:arrow":33,"minecraft:stone_shovel":3,"minecraft:beetroot_seeds":2,"minecraft:nether_bricks":10,"minecraft:shears":3,"minecraft:mutton":22,"minecraft:rail":300,"minecraft:white_wool":16,"minecraft:oxeye_daisy":6,"minecraft:stripped_oak_log":32,"minecraft:tripwire_hook":9,"minecraft:glow_ink_sac":2,"minecraft:leather":27,"minecraft:oak_log":201,"minecraft:yellow_bed":7,"minecraft:gunpowder":9,"minecraft:cobblestone_stairs":8,"minecraft:cooked_mutton":2,"minecraft:apple":1,"minecraft:iron_ingot":29,"minecraft:oak_fence_gate":2,"minecraft:stone_pickaxe":8,"minecraft:book":11,"minecraft:oak_slab":5,"minecraft:dandelion":22,"minecraft:gravel":44,"minecraft:white_bed":25,"minecraft:spider_eye":4,"minecraft:diamond_shovel":1,"minecraft:stone_axe":7,"minecraft:coal":327,"minecraft:hopper":2,"minecraft:ender_pearl":2}},"DataVersion":3465}