{"stats":{"minecraft:picked_up":{"minecraft:crafting_table":9,"minecraft:iron_chestplate":2,"minecraft:nether_brick_fence":1,"minecraft:nether_wart":98,"minecraft:oak_stairs":87,"minecraft:shield":2,"minecraft:oak_trapdoor":8,"minecraft:string":16,"minecraft:iron_axe":3,"minecraft:iron_leggings":2,"minecraft:oak_sign":1,"minecraft:cobbled_deepslate":1,"minecraft:oak_boat":4,"minecraft:cobblestone_slab":1,"minecraft:poppy":2,"minecraft:iron_pickaxe":3,"minecraft:sugar_cane":101,"minecraft:chest":6,"minecraft:diamond_hoe":4,"minecraft:iron_boots":2,"minecraft:composter":1,"minecraft:torch":2,"minecraft:rotten_flesh":48,"minecraft:arrow":25,"minecraft:nether_bricks":15,"minecraft:rail":59,"minecraft:cobblestone":64,"minecraft:oxeye_daisy":1,"minecraft:furnace_minecart":2,"minecraft:leather_chestplate":2,"minecraft:water_bucket":2,"minecraft:golden_carrot":10,"minecraft:tripwire_hook":4,"minecraft:salmon":1,"minecraft:flint":3,"minecraft:gunpowder":19,"minecraft:lapis_lazuli":27,"minecraft:dirt":846,"minecraft:glass":2,"minecraft:bone":31,"minecraft:apple":1,"minecraft:bow":1,"minecraft:wheat_seeds":5,"minecraft:iron_ingot":54,"minecraft:powered_rail":22,"minecraft:iron_sword":2,"minecraft:oak_planks":48,"minecraft:soul_sand":22,"minecraft:dandelion":3,"minecraft:gravel":9,"minecraft:sand":10,"minecraft:ink_sac":2,"minecraft:white_bed":4,"minecraft:grass_block":2,"minecraft:spider_eye":2,"minecraft:diamond_shovel":3,"minecraft:lever":18,"minecraft:iron_helmet":2,"minecraft:emerald":39,"minecraft:bread":218,"minecraft:coal":20},"minecraft:killed_by":{"minecraft:iron_golem":1},"minecraft:custom":{"minecraft:mob_kills":70,"minecraft:interact_with_crafting_table":8,"minecraft:open_barrel":2,"minecraft:leave_game":4,"minecraft:time_since_death":93397,"minecraft:sprint_one_cm":530251,"minecraft:walk_one_cm":200104,"minecraft:damage_blocked_by_shield":3695,"minecraft:drop":92,"minecraft:talked_to_villager":25,"minecraft:play_time":258974,"minecraft:deaths":2,"minecraft:sneak_time":11268,"minecraft:walk_under_water_one_cm":18471,"minecraft:boat_one_cm":14602,"minecraft:jump":3022,"minecraft:walk_on_water_one_cm":21922,"minecraft:total_world_time":258974,"minecraft:traded_with_villager":64,"minecraft:sleep_in_bed":5,"minecraft:time_since_rest":6704,"minecraft:damage_taken":2936,"minecraft:damage_dealt":13080,"minecraft:swim_one_cm":33658,"minecraft:fly_one_cm":655091,"minecraft:open_chest":131,"minecraft:crouch_one_cm":38376,"minecraft:fall_one_cm":65572},"minecraft:mined":{"minecraft:white_bed":4,"minecraft:nether_bricks":15,"minecraft:grass_block":249,"minecraft:composter":1,"minecraft:nether_wart":25,"minecraft:oak_trapdoor":8,"minecraft:cobbled_deepslate":1,"minecraft:fire":1,"minecraft:nether_brick_fence":2,"minecraft:oak_stairs":29,"minecraft:oak_sign":1,"minecraft:cobblestone_slab":4,"minecraft:dirt_path":243,"minecraft:rail":19,"minecraft:stone":38,"minecraft:soul_sand":22,"minecraft:crafting_table":7,"minecraft:chest":6,"minecraft:tall_grass":2,"minecraft:cobblestone":31,"minecraft:lapis_ore":4,"minecraft:sugar_cane":62,"minecraft:oak_planks":37,"minecraft:powered_rail":3,"minecraft:grass":15,"minecraft:gravel":12,"minecraft:sand":10,"minecraft:dirt":274},"minecraft:crafted":{"minecraft:oak_sign":3,"minecraft:diamond_hoe":4,"minecraft:furnace":1,"minecraft:diamond_shovel":3,"minecraft:iron_axe":1,"minecraft:minecart":1,"minecraft:furnace_minecart":1,"minecraft:oak_slab":6,"minecraft:emerald":52,"minecraft:stone_axe":5,"minecraft:oak_boat":4,"minecraft:iron_pickaxe":1,"minecraft:iron_shovel":1},"minecraft:killed":{"minecraft:spider":4,"minecraft:skeleton":7,"minecraft:drowned":4,"minecraft:magma_cube":1,"minecraft:salmon":1,"minecraft:creeper":10,"minecraft:squid":1,"minecraft:zombie":30,"minecraft:wither_skeleton":1,"minecraft:enderman":2,"minecraft:blaze":3},"minecraft:used":{"minecraft:iron_shovel":318,"minecraft:oak_sign":1,"minecraft:chest":4,"minecraft:shield":43,"minecraft:iron_sword":160,"minecraft:nether_wart":42,"minecraft:torch":2,"minecraft:dirt":881,"minecraft:soul_sand":22,"minecraft:furnace_minecart":2,"minecraft:grass_block":1,"minecraft:iron_axe":144,"minecraft:tripwire_hook":2,"minecraft:golden_carrot":32,"minecraft:water_bucket":15,"minecraft:stone_pickaxe":51,"minecraft:oak_planks":22,"minecraft:composter":1,"minecraft:cobblestone_slab":1,"minecraft:sugar_cane":31,"minecraft:rail":4,"minecraft:oak_slab":2,"minecraft:crafting_table":6,"minecraft:white_bed":5,"minecraft:lever":1,"minecraft:diamond_shovel":495,"minecraft:bread":13,"minecraft:iron_pickaxe":66,"minecraft:cobblestone":82,"minecraft:bucket":15,"minecraft:oak_boat":10},"minecraft:dropped":{"minecraft:bread":42,"minecraft:wheat_seeds":12,"minecraft:coal":1,"minecraft:oxeye_daisy":1,"minecraft:dirt":12,"minecraft:golden_carrot":2,"minecraft:iron_axe":2,"minecraft:sand":10,"minecraft:iron_pickaxe":1,"minecraft:string":8,"minecraft:tripwire_hook":2,"minecraft:dandelion":3,"minecraft:gravel":9,"minecraft:stone_axe":5,"minecraft:cobbled_deepslate":1,"minecraft:diamond_hoe":4,"minecraft:wheat":1,"minecraft:beetroot":1,"minecraft:chicken":1,"minecraft:rotten_flesh":50,"minecraft:oak_planks":3,"minecraft:diamond_shovel":1,"minecraft:nether_brick_fence":1,"minecraft:salmon":1,"minecraft:poppy":3,"minecraft:leather_chestplate":2,"minecraft:shield":1,"minecraft:gunpowder":2,"minecraft:beetroot_seeds":2,"minecraft:spider_eye":1,"minecraft:glass":2},"minecraft:broken":{"minecraft:iron_shovel":2,"minecraft:stone_pickaxe":1}},"DataVersion":3465}