{"stats":{"minecraft:used":{"minecraft:diamond_pickaxe":1,"minecraft:stone_pickaxe":36,"minecraft:wooden_pickaxe":7,"minecraft:stone_axe":6,"minecraft:dirt":3,"minecraft:crafting_table":2,"minecraft:carrot":5},"minecraft:custom":{"minecraft:time_since_rest":8138,"minecraft:sprint_one_cm":29778,"minecraft:damage_taken":20,"minecraft:walk_one_cm":4150,"minecraft:drop":16,"minecraft:damage_dealt":44,"minecraft:swim_one_cm":564,"minecraft:interact_with_crafting_table":7,"minecraft:fly_one_cm":55837,"minecraft:open_chest":21,"minecraft:crouch_one_cm":1644,"minecraft:play_time":8138,"minecraft:sneak_time":573,"minecraft:walk_under_water_one_cm":88,"minecraft:jump":215,"minecraft:leave_game":4,"minecraft:time_since_death":8138,"minecraft:walk_on_water_one_cm":145,"minecraft:total_world_time":8138,"minecraft:fall_one_cm":7549},"minecraft:mined":{"minecraft:crafting_table":1,"minecraft:grass":2,"minecraft:grass_block":1,"minecraft:oak_log":7,"minecraft:dirt":2,"minecraft:stone":39},"minecraft:dropped":{"minecraft:iron_sword":1,"minecraft:stone_axe":1,"minecraft:shield":1,"minecraft:stone_sword":1,"minecraft:iron_chestplate":1,"minecraft:diamond_pickaxe":1,"minecraft:iron_leggings":1,"minecraft:cobblestone":31,"minecraft:iron_helmet":1,"minecraft:oak_planks":9,"minecraft:iron_boots":1,"minecraft:iron_axe":1,"minecraft:arrow":1,"minecraft:stone_pickaxe":1,"minecraft:wooden_pickaxe":1,"minecraft:carrot":18},"minecraft:crafted":{"minecraft:oak_planks":28,"minecraft:iron_boots":1,"minecraft:iron_chestplate":1,"minecraft:shield":1,"minecraft:iron_axe":1,"minecraft:crafting_table":1,"minecraft:stick":12,"minecraft:wooden_pickaxe":1,"minecraft:iron_helmet":1,"minecraft:stone_pickaxe":1,"minecraft:stone_sword":1,"minecraft:iron_sword":1,"minecraft:iron_leggings":1,"minecraft:stone_axe":1},"minecraft:picked_up":{"minecraft:crafting_table":1,"minecraft:oak_log":7,"minecraft:dirt":3,"minecraft:arrow":1,"minecraft:bone":2,"minecraft:cobblestone":39,"minecraft:diamond_pickaxe":1}},"DataVersion":3465}