{"stats":{"minecraft:used":{"minecraft:cooked_mutton":3,"minecraft:stone_pickaxe":51,"minecraft:chest":1,"minecraft:wooden_pickaxe":43,"minecraft:cooked_chicken":4,"minecraft:white_wool":1,"minecraft:torch":16,"minecraft:dirt":5,"minecraft:crafting_table":3,"minecraft:white_bed":1,"minecraft:wooden_axe":44,"minecraft:stone_axe":70,"minecraft:oak_sapling":1,"minecraft:furnace":2,"minecraft:porkchop":4,"minecraft:dandelion":1},"minecraft:custom":{"minecraft:interact_with_furnace":26,"minecraft:mob_kills":20,"minecraft:interact_with_crafting_table":28,"minecraft:leave_game":1,"minecraft:time_since_death":44991,"minecraft:sleep_in_bed":3,"minecraft:time_since_rest":24483,"minecraft:sprint_one_cm":205520,"minecraft:damage_taken":300,"minecraft:walk_one_cm":76867,"minecraft:drop":3,"minecraft:damage_dealt":2080,"minecraft:fly_one_cm":200537,"minecraft:open_chest":23,"minecraft:crouch_one_cm":165,"minecraft:play_time":44991,"minecraft:sneak_time":22,"minecraft:walk_under_water_one_cm":273,"minecraft:jump":972,"minecraft:walk_on_water_one_cm":2063,"minecraft:total_world_time":44991,"minecraft:fall_one_cm":24453},"minecraft:killed":{"minecraft:pig":3,"minecraft:spider":1,"minecraft:sheep":8,"minecraft:zombie":4,"minecraft:chicken":4},"minecraft:mined":{"minecraft:cherry_log":26,"minecraft:dandelion":1,"minecraft:crafting_table":3,"minecraft:grass_block":2,"minecraft:tall_grass":3,"minecraft:cobblestone":2,"minecraft:pink_petals":7,"minecraft:furnace":2,"minecraft:iron_ore":5,"minecraft:bee_nest":1,"minecraft:grass":32,"minecraft:coal_ore":37,"minecraft:oak_log":12,"minecraft:cherry_leaves":11,"minecraft:dirt":5,"minecraft:stone":27,"minecraft:white_wool":1,"minecraft:oak_leaves":2},"minecraft:dropped":{"minecraft:wheat_seeds":3,"minecraft:rotten_flesh":3,"minecraft:wooden_pickaxe":1},"minecraft:broken":{"minecraft:wooden_axe":1},"minecraft:crafted":{"minecraft:cherry_planks":104,"minecraft:oak_planks":44,"minecraft:cooked_porkchop":2,"minecraft:crafting_table":1,"minecraft:wooden_pickaxe":1,"minecraft:cooked_chicken":4,"minecraft:furnace":1,"minecraft:oak_wood":3,"minecraft:stone_axe":1,"minecraft:cooked_mutton":10,"minecraft:stick":48,"minecraft:iron_ingot":5,"minecraft:iron_pickaxe":1,"minecraft:stone_pickaxe":1,"minecraft:wooden_axe":1,"minecraft:chest":1,"minecraft:white_bed":1,"minecraft:torch":20},"minecraft:picked_up":{"minecraft:pink_petals":22,"minecraft:crafting_table":3,"minecraft:feather":3,"minecraft:chicken":4,"minecraft:wooden_pickaxe":1,"minecraft:oak_log":12,"minecraft:string":1,"minecraft:dirt":7,"minecraft:wheat_seeds":3,"minecraft:furnace":2,"minecraft:stick":8,"minecraft:raw_iron":5,"minecraft:torch":1,"minecraft:dandelion":1,"minecraft:porkchop":6,"minecraft:cherry_log":26,"minecraft:rotten_flesh":3,"minecraft:cherry_sapling":14,"minecraft:oak_sapling":1,"minecraft:mutton":10,"minecraft:coal":40,"minecraft:white_wool":9,"minecraft:cobblestone":29}},"DataVersion":3465}