{"stats":{"minecraft:used":{"minecraft:oak_fence":1,"minecraft:netherite_sword":7,"minecraft:stone_sword":73,"minecraft:iron_shovel":197,"minecraft:stone_shovel":131,"minecraft:oak_sign":1,"minecraft:chest":8,"minecraft:shield":20,"minecraft:iron_sword":73,"minecraft:stone_hoe":12,"minecraft:torch":1,"minecraft:dirt":339,"minecraft:hopper":7,"minecraft:nether_bricks":39,"minecraft:warden_spawn_egg":1,"minecraft:grass_block":3,"minecraft:golden_carrot":8,"minecraft:oak_sapling":1,"minecraft:water_bucket":89,"minecraft:stone_pickaxe":119,"minecraft:wooden_pickaxe":4,"minecraft:crafting_table":5,"minecraft:white_bed":3,"minecraft:bread":33,"minecraft:stone_axe":56,"minecraft:cobblestone":58,"minecraft:bucket":90,"minecraft:yellow_bed":2},"minecraft:custom":{"minecraft:mob_kills":41,"minecraft:inspect_hopper":2,"minecraft:interact_with_crafting_table":20,"minecraft:open_barrel":4,"minecraft:leave_game":13,"minecraft:time_since_death":55576,"minecraft:sprint_one_cm":407817,"minecraft:walk_one_cm":113119,"minecraft:damage_blocked_by_shield":1530,"minecraft:drop":39,"minecraft:talked_to_villager":12,"minecraft:play_time":226385,"minecraft:deaths":3,"minecraft:sneak_time":6943,"minecraft:walk_under_water_one_cm":5495,"minecraft:jump":2626,"minecraft:walk_on_water_one_cm":22407,"minecraft:total_world_time":226385,"minecraft:interact_with_furnace":16,"minecraft:traded_with_villager":49,"minecraft:sleep_in_bed":5,"minecraft:time_since_rest":19377,"minecraft:damage_taken":1657,"minecraft:damage_dealt":13024,"minecraft:swim_one_cm":10053,"minecraft:fly_one_cm":821614,"minecraft:open_chest":117,"minecraft:crouch_one_cm":21661,"minecraft:fall_one_cm":56104},"minecraft:killed":{"minecraft:spider":1,"minecraft:horse":3,"minecraft:skeleton":2,"minecraft:drowned":1,"minecraft:warden":1,"minecraft:pig":3,"minecraft:iron_golem":1,"minecraft:sheep":5,"minecraft:zombie":1,"minecraft:wither_skeleton":2,"minecraft:villager":2,"minecraft:blaze":16,"minecraft:enderman":2},"minecraft:killed_by":{"minecraft:enderman":1},"minecraft:mined":{"minecraft:white_bed":3,"minecraft:farmland":24,"minecraft:nether_bricks":65,"minecraft:grass_block":26,"minecraft:composter":1,"minecraft:hopper":3,"minecraft:oxeye_daisy":1,"minecraft:hay_block":12,"minecraft:tall_seagrass":2,"minecraft:carrots":7,"minecraft:fire":10,"minecraft:nether_brick_fence":13,"minecraft:potatoes":6,"minecraft:dirt_path":180,"minecraft:oak_sign":1,"minecraft:stone":32,"minecraft:glass_pane":1,"minecraft:dandelion":3,"minecraft:oak_fence":1,"minecraft:crafting_table":5,"minecraft:chest":2,"minecraft:cobblestone":9,"minecraft:oak_planks":6,"minecraft:sugar_cane":7,"minecraft:seagrass":3,"minecraft:wheat":14,"minecraft:yellow_bed":3,"minecraft:grass":103,"minecraft:oak_log":31,"minecraft:beetroots":3,"minecraft:dirt":109},"minecraft:dropped":{"minecraft:bread":3,"minecraft:wheat_seeds":59,"minecraft:oxeye_daisy":1,"minecraft:oak_stairs":18,"minecraft:string":4,"minecraft:dandelion":3,"minecraft:bone":1,"minecraft:stone_axe":1,"minecraft:stone_sword":2,"minecraft:beetroot":1,"minecraft:white_carpet":6,"minecraft:rotten_flesh":3,"minecraft:white_terracotta":1,"minecraft:beetroot_seeds":11,"minecraft:oak_sapling":1,"minecraft:arrow":1},"minecraft:broken":{"minecraft:stone_shovel":1},"minecraft:crafted":{"minecraft:golden_carrot":45,"minecraft:oak_planks":124,"minecraft:stone_shovel":1,"minecraft:white_carpet":6,"minecraft:hopper":4,"minecraft:stone_pickaxe":2,"minecraft:chest":10,"minecraft:stone_hoe":1,"minecraft:wheat":108,"minecraft:emerald":49,"minecraft:crafting_table":1,"minecraft:wooden_pickaxe":1,"minecraft:bucket":1,"minecraft:stone_axe":2,"minecraft:bread":36,"minecraft:paper":63,"minecraft:gold_nugget":441,"minecraft:shield":1,"minecraft:stick":16,"minecraft:stone_sword":1,"minecraft:iron_shovel":1},"minecraft:picked_up":{"minecraft:iron_chestplate":1,"minecraft:crafting_table":6,"minecraft:wheat":11,"minecraft:nether_brick_fence":12,"minecraft:oak_stairs":36,"minecraft:enchanted_book":2,"minecraft:shield":2,"minecraft:string":77,"minecraft:iron_axe":1,"minecraft:iron_leggings":1,"minecraft:iron_shovel":1,"minecraft:oak_sign":1,"minecraft:beetroot":4,"minecraft:netherite_sword":1,"minecraft:oak_boat":1,"minecraft:sugar_cane":16,"minecraft:chest":4,"minecraft:iron_boots":1,"minecraft:stick":3,"minecraft:composter":1,"minecraft:oak_fence":1,"minecraft:torch":1,"minecraft:porkchop":7,"minecraft:warden_spawn_egg":1,"minecraft:carrot":52,"minecraft:stone_sword":2,"minecraft:arrow":4,"minecraft:rotten_flesh":3,"minecraft:beetroot_seeds":11,"minecraft:nether_bricks":65,"minecraft:hay_block":12,"minecraft:white_terracotta":1,"minecraft:blaze_rod":6,"minecraft:mutton":7,"minecraft:cobblestone":74,"minecraft:white_wool":4,"minecraft:oxeye_daisy":1,"minecraft:water_bucket":1,"minecraft:potato":28,"minecraft:oak_log":31,"minecraft:yellow_bed":4,"minecraft:dirt":349,"minecraft:bone":4,"minecraft:apple":1,"minecraft:wheat_seeds":59,"minecraft:iron_ingot":3,"minecraft:stone_pickaxe":2,"minecraft:oak_planks":28,"minecraft:stone_hoe":1,"minecraft:iron_sword":1,"minecraft:sculk_catalyst":1,"minecraft:dandelion":3,"minecraft:white_bed":3,"minecraft:grass_block":1,"minecraft:stone_axe":2,"minecraft:iron_helmet":1,"minecraft:gray_wool":1,"minecraft:golden_apple":2,"minecraft:bread":8,"minecraft:oak_sapling":6,"minecraft:coal":2,"minecraft:hopper":3,"minecraft:ender_pearl":1}},"DataVersion":3465}