{"stats":{"minecraft:mined":{"minecraft:red_sand":13,"minecraft:dead_bush":1},"minecraft:picked_up":{"minecraft:stick":1,"minecraft:red_sand":13},"minecraft:used":{"minecraft:red_sand":13},"minecraft:custom":{"minecraft:jump":25,"minecraft:time_since_rest":884,"minecraft:leave_game":1,"minecraft:sprint_one_cm":2440,"minecraft:play_time":884,"minecraft:time_since_death":884,"minecraft:walk_one_cm":997,"minecraft:total_world_time":884,"minecraft:fall_one_cm":836,"minecraft:fly_one_cm":4871}},"DataVersion":3465}